Campaign,Ad Group,Keyword,Criterion Type,Max CPC,Kommentar
SUCHE | Immobilien+Treuhand | Wien+NÖ | P1,Immobilienrecht,immobilienrecht anwalt wien,Exact,4.00,
SUCHE | Immobilien+Treuhand | Wien+NÖ | P1,Immobilienrecht,liegenschaftsrecht anwalt wien,Exact,4.00,
SUCHE | Immobilien+Treuhand | Wien+NÖ | P1,Immobilienrecht,immobilienanwalt wien,Phrase,3.50,
SUCHE | Immobilien+Treuhand | Wien+NÖ | P1,Immobilienrecht,rechtsanwalt immobilien wien,Phrase,3.50,
SUCHE | Immobilien+Treuhand | Wien+NÖ | P1,Immobilienrecht,anwalt liegenschaft wien,Phrase,3.50,
SUCHE | Immobilien+Treuhand | Wien+NÖ | P1,Kaufvertrag,kaufvertrag wohnung anwalt wien,Exact,4.00,Bester Mandatswert im Konto
SUCHE | Immobilien+Treuhand | Wien+NÖ | P1,Kaufvertrag,immobilienkaufvertrag anwalt,Exact,4.00,
SUCHE | Immobilien+Treuhand | Wien+NÖ | P1,Kaufvertrag,kaufvertrag haus anwalt wien,Exact,4.00,
SUCHE | Immobilien+Treuhand | Wien+NÖ | P1,Kaufvertrag,vertragserrichtung immobilie wien,Phrase,3.50,
SUCHE | Immobilien+Treuhand | Wien+NÖ | P1,Kaufvertrag,kaufvertrag liegenschaft anwalt,Phrase,3.50,
SUCHE | Immobilien+Treuhand | Wien+NÖ | P1,Kaufvertrag,anwalt kaufvertrag eigentumswohnung,Phrase,3.50,
SUCHE | Immobilien+Treuhand | Wien+NÖ | P1,Kaufvertrag,kaufvertrag prüfen lassen anwalt wien,Phrase,3.50,
SUCHE | Immobilien+Treuhand | Wien+NÖ | P1,Kaufvertrag,kaufvertrag grundstück anwalt wien,Phrase,3.50,
SUCHE | Immobilien+Treuhand | Wien+NÖ | P1,Kaufvertrag,vertragserrichter immobilienkauf,Phrase,3.50,
SUCHE | Immobilien+Treuhand | Wien+NÖ | P1,Kaufvertrag,anwalt immobilienkauf wien kosten,Phrase,3.00,
SUCHE | Immobilien+Treuhand | Wien+NÖ | P1,Treuhand,treuhänder anwalt wien,Exact,3.50,
SUCHE | Immobilien+Treuhand | Wien+NÖ | P1,Treuhand,anwaltliche treuhandschaft,Exact,3.50,
SUCHE | Immobilien+Treuhand | Wien+NÖ | P1,Treuhand,treuhandabwicklung immobilienkauf,Phrase,3.50,
SUCHE | Immobilien+Treuhand | Wien+NÖ | P1,Treuhand,treuhandkonto rechtsanwalt wien,Phrase,3.00,
SUCHE | Immobilien+Treuhand | Wien+NÖ | P1,Treuhand,treuhand liegenschaftskauf anwalt,Phrase,3.50,
SUCHE | Immobilien+Treuhand | Wien+NÖ | P1,Treuhand,treuhandabwicklung kosten anwalt,Phrase,3.00,
SUCHE | Immobilien+Treuhand | Wien+NÖ | P1,Wohnungseigentum,wohnungseigentum anwalt wien,Exact,3.50,
SUCHE | Immobilien+Treuhand | Wien+NÖ | P1,Wohnungseigentum,wohnungseigentumsgesetz anwalt,Exact,3.50,
SUCHE | Immobilien+Treuhand | Wien+NÖ | P1,Wohnungseigentum,wohnungseigentumsvertrag anwalt,Phrase,3.50,
SUCHE | Immobilien+Treuhand | Wien+NÖ | P1,Wohnungseigentum,nutzwertgutachten anwalt wien,Phrase,3.00,
SUCHE | Immobilien+Treuhand | Wien+NÖ | P1,Wohnungseigentum,eigentümergemeinschaft streit anwalt wien,Phrase,3.50,
SUCHE | Immobilien+Treuhand | Wien+NÖ | P1,Wohnungseigentum,hausverwaltung streit anwalt wien,Phrase,3.50,
SUCHE | Immobilien+Treuhand | Wien+NÖ | P1,Wohnungseigentum,wohnungseigentum begründung anwalt,Phrase,3.00,
SUCHE | Immobilien+Treuhand | Wien+NÖ | P1,Bauträger Bauvertrag,bauträgervertrag anwalt wien,Exact,3.50,
SUCHE | Immobilien+Treuhand | Wien+NÖ | P1,Bauträger Bauvertrag,bauträgervertrag prüfen anwalt,Phrase,3.50,
SUCHE | Immobilien+Treuhand | Wien+NÖ | P1,Bauträger Bauvertrag,btvg anwalt wien,Phrase,3.00,
SUCHE | Immobilien+Treuhand | Wien+NÖ | P1,Bauträger Bauvertrag,baumängel anwalt wien,Phrase,3.50,
SUCHE | Immobilien+Treuhand | Wien+NÖ | P1,Bauträger Bauvertrag,werkvertrag bau anwalt wien,Phrase,3.00,
SUCHE | Immobilien+Treuhand | Wien+NÖ | P1,Bauträger Bauvertrag,bauvertrag prüfen lassen wien,Phrase,3.00,
SUCHE | Immobilien+Treuhand | Wien+NÖ | P1,Grundbuch Dienstbarkeit,grundbuch anwalt wien,Exact,3.00,
SUCHE | Immobilien+Treuhand | Wien+NÖ | P1,Grundbuch Dienstbarkeit,dienstbarkeit anwalt,Exact,3.00,
SUCHE | Immobilien+Treuhand | Wien+NÖ | P1,Grundbuch Dienstbarkeit,servitut vertrag anwalt wien,Phrase,3.00,
SUCHE | Immobilien+Treuhand | Wien+NÖ | P1,Grundbuch Dienstbarkeit,grundbuchseintragung anwalt wien,Phrase,3.00,
SUCHE | Immobilien+Treuhand | Wien+NÖ | P1,Grundbuch Dienstbarkeit,wohnrecht eintragen anwalt,Phrase,3.00,
SUCHE | Immobilien+Treuhand | Wien+NÖ | P1,Grundbuch Dienstbarkeit,fruchtgenussrecht anwalt wien,Phrase,3.00,
