# Indikative Verteilung der Suchnachfrage nach Wochentag und Stunde (Anwaltssuche, Wien).
# Skala 0-10. PLANUNGSANNAHME zur Abdeckungsrechnung - nach 60 Tagen Laufzeit durch den
# Google-Ads-Bericht "Stunde und Wochentag" ersetzen und diese Datei ueberschreiben.
# Spalten: Wochentag, dann Stunde 0 bis 23.
Wochentag,0,1,2,3,4,5,6,7,8,9,10,11,12,13,14,15,16,17,18,19,20,21,22,23
Montag,1,0,0,0,0,1,2,4,7,9,10,9,7,7,8,8,7,6,6,7,7,6,4,2
Dienstag,1,0,0,0,0,1,2,4,7,9,10,9,7,7,8,8,7,6,6,7,7,6,4,2
Mittwoch,1,0,0,0,0,1,2,4,7,9,10,9,7,7,8,8,7,6,6,7,7,6,4,2
Donnerstag,1,0,0,0,0,1,2,4,7,9,10,9,7,7,8,8,7,6,6,7,7,6,4,2
Freitag,1,0,0,0,0,1,2,4,7,9,9,8,7,6,6,5,5,4,4,5,5,4,3,2
Samstag,2,1,0,0,0,0,1,2,3,5,6,6,5,5,5,5,4,4,4,5,5,4,3,2
Sonntag,2,1,0,0,0,0,1,2,3,4,5,5,5,5,5,6,6,7,8,9,9,8,6,3
