Liste,Keyword,Criterion Type,Begründung
L6 Portale,anwalt de,Phrase,Vermittlungsportal
L6 Portale,anwaltssuche,Broad,
L6 Portale,anwaltsverzeichnis,Broad,
L6 Portale,herold,Broad,
L6 Portale,firmenabc,Broad,
L6 Portale,meinanwalt,Broad,
L6 Portale,rechteasy,Broad,
L6 Portale,advocado,Broad,
L6 Portale,klugo,Broad,
L6 Portale,rightmart,Broad,
L6 Portale,legalbird,Broad,
L6 Portale,frag einen anwalt,Phrase,
L6 Portale,123recht,Broad,
L6 Portale,wer weiss was,Phrase,
L6 Portale,rechtsanwaltskammer,Broad,
L6 Portale,oerak,Broad,
L6 Portale,rakwien,Broad,
L6 Portale,justizonline,Broad,
L6 Portale,österreich gv at,Phrase,
L6 Portale,help gv,Phrase,
L6 Portale,wko,Broad,
L6 Portale,rechtsschutzversicherung,Broad,PRUEFEN - Deckungsanfragen koennen auch Mandate sein
L6 Portale,arag,Broad,
L6 Portale,d a s rechtsschutz,Phrase,
