Campaign,Ad Group,Typ,Text,Pin
BRAND | Dr. Weiser | AT | P1,Kanzleiname,Anzeigentitel,"Kanzlei Dr. Weiser, Wien",1
BRAND | Dr. Weiser | AT | P1,Kanzleiname,Anzeigentitel,"Dr. Martin Weiser, Anwalt",
BRAND | Dr. Weiser | AT | P1,Kanzleiname,Anzeigentitel,Rechtsanwalt in Wien 1030,
BRAND | Dr. Weiser | AT | P1,Kanzleiname,Anzeigentitel,Offizielle Kanzleiseite,
BRAND | Dr. Weiser | AT | P1,Kanzleiname,Anzeigentitel,Landstraßer Hauptstr. 60,
BRAND | Dr. Weiser | AT | P1,Kanzleiname,Anzeigentitel,"U3 Rochusgasse, Wien 3",
BRAND | Dr. Weiser | AT | P1,Kanzleiname,Anzeigentitel,Kanzlei seit 1990,
BRAND | Dr. Weiser | AT | P1,Kanzleiname,Anzeigentitel,Termin & Kontakt,
BRAND | Dr. Weiser | AT | P1,Kanzleiname,Anzeigentitel,Familien- & Erbrecht,
BRAND | Dr. Weiser | AT | P1,Kanzleiname,Anzeigentitel,Immobilien & Treuhand,
BRAND | Dr. Weiser | AT | P1,Kanzleiname,Anzeigentitel,Gesellschaftsrecht Wien,
BRAND | Dr. Weiser | AT | P1,Kanzleiname,Anzeigentitel,Jetzt Termin anfragen,
BRAND | Dr. Weiser | AT | P1,Kanzleiname,Beschreibung,"Die Kanzlei Dr. Martin Weiser in 1030 Wien. Familienrecht, Erbrecht, Immobilienrecht.",1
BRAND | Dr. Weiser | AT | P1,Kanzleiname,Beschreibung,"Landstraßer Hauptstraße 60, Eingang Rochusgasse 2. Termin nach Vereinbarung.",
BRAND | Dr. Weiser | AT | P1,Kanzleiname,Beschreibung,Rechtsanwaltskanzlei in Wien Landstraße seit 1990. Jetzt Kontakt aufnehmen.,
BRAND | Dr. Weiser | AT | P1,Kanzleiname,Beschreibung,"Persönliche Beratung in Familien-, Erb-, Immobilien- und Gesellschaftsrecht.",
BRAND | Dr. Weiser | AT | P1,Personenname,Anzeigentitel,"Dr. Martin Weiser, Wien",1
BRAND | Dr. Weiser | AT | P1,Personenname,Anzeigentitel,Rechtsanwalt Dr. Weiser,
BRAND | Dr. Weiser | AT | P1,Personenname,Anzeigentitel,Kanzlei in Wien Landstraße,
BRAND | Dr. Weiser | AT | P1,Personenname,Anzeigentitel,Offizielle Kanzleiseite,
BRAND | Dr. Weiser | AT | P1,Personenname,Anzeigentitel,"U3 Rochusgasse, Wien 3",
BRAND | Dr. Weiser | AT | P1,Personenname,Anzeigentitel,Anwalt seit 1990 in Wien,
BRAND | Dr. Weiser | AT | P1,Personenname,Anzeigentitel,Kontakt & Anfahrt,
BRAND | Dr. Weiser | AT | P1,Personenname,Anzeigentitel,Termin vereinbaren,
BRAND | Dr. Weiser | AT | P1,Personenname,Beschreibung,Rechtsanwalt Dr. Martin Weiser in 1030 Wien. Termin telefonisch oder per Formular.,1
BRAND | Dr. Weiser | AT | P1,Personenname,Beschreibung,"Kanzlei Landstraßer Hauptstraße 60, 1030 Wien. Direkt beim Anwalt anfragen.",
BRAND | Dr. Weiser | AT | P1,Personenname,Beschreibung,"Schwerpunkte: Familien-, Erb-, Liegenschafts- und Gesellschaftsrecht.",
BRAND | Dr. Weiser | AT | P1,Personenname,Beschreibung,Anwaltskanzlei in Wien Landstraße. Persönliche Betreuung seit 1990.,
SUCHE | Scheidung+Familie | Wien+25km | P1,Scheidungsanwalt,Anzeigentitel,Scheidungsanwalt Wien,1
SUCHE | Scheidung+Familie | Wien+25km | P1,Scheidungsanwalt,Anzeigentitel,Anwalt für Scheidung Wien,1
SUCHE | Scheidung+Familie | Wien+25km | P1,Scheidungsanwalt,Anzeigentitel,Rechtsanwalt Familienrecht,
SUCHE | Scheidung+Familie | Wien+25km | P1,Scheidungsanwalt,Anzeigentitel,"Kanzlei Dr. Weiser, Wien 3",
SUCHE | Scheidung+Familie | Wien+25km | P1,Scheidungsanwalt,Anzeigentitel,Rechtsanwalt seit 1990,
SUCHE | Scheidung+Familie | Wien+25km | P1,Scheidungsanwalt,Anzeigentitel,Erstgespräch vereinbaren,
SUCHE | Scheidung+Familie | Wien+25km | P1,Scheidungsanwalt,Anzeigentitel,Termin nach Vereinbarung,
SUCHE | Scheidung+Familie | Wien+25km | P1,Scheidungsanwalt,Anzeigentitel,Diskret und persönlich,
SUCHE | Scheidung+Familie | Wien+25km | P1,Scheidungsanwalt,Anzeigentitel,Einvernehmlich scheiden,
SUCHE | Scheidung+Familie | Wien+25km | P1,Scheidungsanwalt,Anzeigentitel,Scheidung & Unterhalt,
SUCHE | Scheidung+Familie | Wien+25km | P1,Scheidungsanwalt,Anzeigentitel,Obsorge & Kontaktrecht,
SUCHE | Scheidung+Familie | Wien+25km | P1,Scheidungsanwalt,Anzeigentitel,"U3 Rochusgasse, Wien 3",
SUCHE | Scheidung+Familie | Wien+25km | P1,Scheidungsanwalt,Anzeigentitel,Klare Kostenauskunft,
SUCHE | Scheidung+Familie | Wien+25km | P1,Scheidungsanwalt,Anzeigentitel,Direkt mit dem Anwalt,
SUCHE | Scheidung+Familie | Wien+25km | P1,Scheidungsanwalt,Anzeigentitel,Jetzt Termin anfragen,
SUCHE | Scheidung+Familie | Wien+25km | P1,Scheidungsanwalt,Beschreibung,"Anwaltskanzlei in Wien Landstraße seit 1990. Scheidung, Unterhalt, Obsorge.",1
SUCHE | Scheidung+Familie | Wien+25km | P1,Scheidungsanwalt,Beschreibung,Persönliche Betreuung durch den Anwalt selbst. Termin nach Vereinbarung.,
SUCHE | Scheidung+Familie | Wien+25km | P1,Scheidungsanwalt,Beschreibung,"Einvernehmlich oder strittig: Wir besprechen Ihre Möglichkeiten und die Kosten.",
SUCHE | Scheidung+Familie | Wien+25km | P1,Scheidungsanwalt,Beschreibung,"Kanzlei in 1030 Wien, U3 Rochusgasse. Jetzt telefonisch oder online anfragen.",
SUCHE | Scheidung+Familie | Wien+25km | P1,Einvernehmliche Scheidung,Anzeigentitel,Einvernehmliche Scheidung,1
SUCHE | Scheidung+Familie | Wien+25km | P1,Einvernehmliche Scheidung,Anzeigentitel,Anwalt Scheidung Wien,1
SUCHE | Scheidung+Familie | Wien+25km | P1,Einvernehmliche Scheidung,Anzeigentitel,Scheidung ohne Streit,
SUCHE | Scheidung+Familie | Wien+25km | P1,Einvernehmliche Scheidung,Anzeigentitel,Scheidung nach § 55a,
SUCHE | Scheidung+Familie | Wien+25km | P1,Einvernehmliche Scheidung,Anzeigentitel,Scheidungsvergleich,
SUCHE | Scheidung+Familie | Wien+25km | P1,Einvernehmliche Scheidung,Anzeigentitel,Ablauf & Kosten klären,
SUCHE | Scheidung+Familie | Wien+25km | P1,Einvernehmliche Scheidung,Anzeigentitel,"Kanzlei Dr. Weiser, Wien 3",
SUCHE | Scheidung+Familie | Wien+25km | P1,Einvernehmliche Scheidung,Anzeigentitel,Rechtsanwalt seit 1990,
SUCHE | Scheidung+Familie | Wien+25km | P1,Einvernehmliche Scheidung,Anzeigentitel,Vereinbarung aufsetzen,
SUCHE | Scheidung+Familie | Wien+25km | P1,Einvernehmliche Scheidung,Anzeigentitel,Termin nach Vereinbarung,
SUCHE | Scheidung+Familie | Wien+25km | P1,Einvernehmliche Scheidung,Anzeigentitel,Diskret und persönlich,
SUCHE | Scheidung+Familie | Wien+25km | P1,Einvernehmliche Scheidung,Anzeigentitel,Jetzt Termin anfragen,
SUCHE | Scheidung+Familie | Wien+25km | P1,Einvernehmliche Scheidung,Beschreibung,Einvernehmliche Scheidung nach § 55a EheG. Anwaltliche Begleitung in Wien.,1
SUCHE | Scheidung+Familie | Wien+25km | P1,Einvernehmliche Scheidung,Beschreibung,"Wir erstellen die Scheidungsvereinbarung: Unterhalt, Obsorge, Vermögen.",
SUCHE | Scheidung+Familie | Wien+25km | P1,Einvernehmliche Scheidung,Beschreibung,"Kanzlei in 1030 Wien seit 1990. Ablauf, Dauer und Kosten im Erstgespräch.",
SUCHE | Scheidung+Familie | Wien+25km | P1,Einvernehmliche Scheidung,Beschreibung,Termin telefonisch oder online vereinbaren. U3 Rochusgasse in Wien 3.,
SUCHE | Scheidung+Familie | Wien+25km | P1,Strittige Scheidung,Anzeigentitel,Strittige Scheidung Wien,1
SUCHE | Scheidung+Familie | Wien+25km | P1,Strittige Scheidung,Anzeigentitel,Anwalt Scheidungsklage,1
SUCHE | Scheidung+Familie | Wien+25km | P1,Strittige Scheidung,Anzeigentitel,Scheidung ohne Zustimmung,
SUCHE | Scheidung+Familie | Wien+25km | P1,Strittige Scheidung,Anzeigentitel,Vertretung vor Gericht,
SUCHE | Scheidung+Familie | Wien+25km | P1,Strittige Scheidung,Anzeigentitel,Scheidung aus Verschulden,
SUCHE | Scheidung+Familie | Wien+25km | P1,Strittige Scheidung,Anzeigentitel,"Kanzlei Dr. Weiser, Wien 3",
SUCHE | Scheidung+Familie | Wien+25km | P1,Strittige Scheidung,Anzeigentitel,Rechtsanwalt seit 1990,
SUCHE | Scheidung+Familie | Wien+25km | P1,Strittige Scheidung,Anzeigentitel,Ihre Rechte durchsetzen,
SUCHE | Scheidung+Familie | Wien+25km | P1,Strittige Scheidung,Anzeigentitel,Erstgespräch vereinbaren,
SUCHE | Scheidung+Familie | Wien+25km | P1,Strittige Scheidung,Anzeigentitel,Diskret und persönlich,
SUCHE | Scheidung+Familie | Wien+25km | P1,Strittige Scheidung,Anzeigentitel,Klare Kostenauskunft,
SUCHE | Scheidung+Familie | Wien+25km | P1,Strittige Scheidung,Anzeigentitel,Jetzt Termin anfragen,
SUCHE | Scheidung+Familie | Wien+25km | P1,Strittige Scheidung,Beschreibung,Vertretung im streitigen Scheidungsverfahren. Anwaltskanzlei in 1030 Wien.,1
SUCHE | Scheidung+Familie | Wien+25km | P1,Strittige Scheidung,Beschreibung,"Scheidungsklage, Verschuldensfrage, Unterhalt und Aufteilung. Seit 1990.",
SUCHE | Scheidung+Familie | Wien+25km | P1,Strittige Scheidung,Beschreibung,Wir prüfen Ihre Ausgangslage und besprechen das weitere Vorgehen mit Ihnen.,
SUCHE | Scheidung+Familie | Wien+25km | P1,Strittige Scheidung,Beschreibung,Termin nach Vereinbarung in Wien Landstraße. U3 Rochusgasse. Jetzt anfragen.,
SUCHE | Scheidung+Familie | Wien+25km | P1,Unterhalt,Anzeigentitel,Anwalt Unterhalt Wien,1
SUCHE | Scheidung+Familie | Wien+25km | P1,Unterhalt,Anzeigentitel,Kindesunterhalt Anwalt,1
SUCHE | Scheidung+Familie | Wien+25km | P1,Unterhalt,Anzeigentitel,Ehegattenunterhalt Wien,
SUCHE | Scheidung+Familie | Wien+25km | P1,Unterhalt,Anzeigentitel,Unterhalt durchsetzen,
SUCHE | Scheidung+Familie | Wien+25km | P1,Unterhalt,Anzeigentitel,Unterhalt herabsetzen,
SUCHE | Scheidung+Familie | Wien+25km | P1,Unterhalt,Anzeigentitel,Unterhaltsklage Wien,
SUCHE | Scheidung+Familie | Wien+25km | P1,Unterhalt,Anzeigentitel,"Kanzlei Dr. Weiser, Wien 3",
SUCHE | Scheidung+Familie | Wien+25km | P1,Unterhalt,Anzeigentitel,Rechtsanwalt seit 1990,
SUCHE | Scheidung+Familie | Wien+25km | P1,Unterhalt,Anzeigentitel,Anspruch prüfen lassen,
SUCHE | Scheidung+Familie | Wien+25km | P1,Unterhalt,Anzeigentitel,Erstgespräch vereinbaren,
SUCHE | Scheidung+Familie | Wien+25km | P1,Unterhalt,Anzeigentitel,Klare Kostenauskunft,
SUCHE | Scheidung+Familie | Wien+25km | P1,Unterhalt,Anzeigentitel,Jetzt Termin anfragen,
SUCHE | Scheidung+Familie | Wien+25km | P1,Unterhalt,Beschreibung,Kindes- und Ehegattenunterhalt in Wien. Durchsetzen oder Herabsetzung prüfen.,1
SUCHE | Scheidung+Familie | Wien+25km | P1,Unterhalt,Beschreibung,Anwaltskanzlei in 1030 Wien seit 1990. Wir berechnen Ihren Anspruch.,
SUCHE | Scheidung+Familie | Wien+25km | P1,Unterhalt,Beschreibung,Unterhalt wird nicht gezahlt? Wir besprechen die rechtlichen Schritte.,
SUCHE | Scheidung+Familie | Wien+25km | P1,Unterhalt,Beschreibung,Termin nach Vereinbarung. U3 Rochusgasse. Telefonisch oder online anfragen.,
SUCHE | Scheidung+Familie | Wien+25km | P1,Obsorge Kontaktrecht,Anzeigentitel,Anwalt Obsorge Wien,1
SUCHE | Scheidung+Familie | Wien+25km | P1,Obsorge Kontaktrecht,Anzeigentitel,Kontaktrecht Anwalt Wien,1
SUCHE | Scheidung+Familie | Wien+25km | P1,Obsorge Kontaktrecht,Anzeigentitel,Sorgerecht & Obsorge,
SUCHE | Scheidung+Familie | Wien+25km | P1,Obsorge Kontaktrecht,Anzeigentitel,Alleinige Obsorge,
SUCHE | Scheidung+Familie | Wien+25km | P1,Obsorge Kontaktrecht,Anzeigentitel,Besuchsrecht regeln,
SUCHE | Scheidung+Familie | Wien+25km | P1,Obsorge Kontaktrecht,Anzeigentitel,Obsorgestreit Wien,
SUCHE | Scheidung+Familie | Wien+25km | P1,Obsorge Kontaktrecht,Anzeigentitel,"Kanzlei Dr. Weiser, Wien 3",
SUCHE | Scheidung+Familie | Wien+25km | P1,Obsorge Kontaktrecht,Anzeigentitel,Rechtsanwalt seit 1990,
SUCHE | Scheidung+Familie | Wien+25km | P1,Obsorge Kontaktrecht,Anzeigentitel,Im Sinne des Kindes,
SUCHE | Scheidung+Familie | Wien+25km | P1,Obsorge Kontaktrecht,Anzeigentitel,Erstgespräch vereinbaren,
SUCHE | Scheidung+Familie | Wien+25km | P1,Obsorge Kontaktrecht,Anzeigentitel,Diskret und persönlich,
SUCHE | Scheidung+Familie | Wien+25km | P1,Obsorge Kontaktrecht,Anzeigentitel,Jetzt Termin anfragen,
SUCHE | Scheidung+Familie | Wien+25km | P1,Obsorge Kontaktrecht,Beschreibung,Obsorge und Kontaktrecht in Wien. Anwaltliche Vertretung seit 1990.,1
SUCHE | Scheidung+Familie | Wien+25km | P1,Obsorge Kontaktrecht,Beschreibung,"Obsorgeregelung, Kontaktrecht und Vertretung im Pflegschaftsverfahren.",
SUCHE | Scheidung+Familie | Wien+25km | P1,Obsorge Kontaktrecht,Beschreibung,Wir besprechen Ihre Situation und die Möglichkeiten für eine Regelung.,
SUCHE | Scheidung+Familie | Wien+25km | P1,Obsorge Kontaktrecht,Beschreibung,"Kanzlei in 1030 Wien, U3 Rochusgasse. Termin nach Vereinbarung.",
SUCHE | Scheidung+Familie | Wien+25km | P1,Vermögensaufteilung,Anzeigentitel,Aufteilung bei Scheidung,1
SUCHE | Scheidung+Familie | Wien+25km | P1,Vermögensaufteilung,Anzeigentitel,Anwalt Aufteilung Wien,1
SUCHE | Scheidung+Familie | Wien+25km | P1,Vermögensaufteilung,Anzeigentitel,Haus bei Scheidung,
SUCHE | Scheidung+Familie | Wien+25km | P1,Vermögensaufteilung,Anzeigentitel,Ehewohnung & Scheidung,
SUCHE | Scheidung+Familie | Wien+25km | P1,Vermögensaufteilung,Anzeigentitel,Aufteilungsverfahren,
SUCHE | Scheidung+Familie | Wien+25km | P1,Vermögensaufteilung,Anzeigentitel,Immobilie & Scheidung,
SUCHE | Scheidung+Familie | Wien+25km | P1,Vermögensaufteilung,Anzeigentitel,"Kanzlei Dr. Weiser, Wien 3",
SUCHE | Scheidung+Familie | Wien+25km | P1,Vermögensaufteilung,Anzeigentitel,Familien- & Immobilienrecht,
SUCHE | Scheidung+Familie | Wien+25km | P1,Vermögensaufteilung,Anzeigentitel,Rechtsanwalt seit 1990,
SUCHE | Scheidung+Familie | Wien+25km | P1,Vermögensaufteilung,Anzeigentitel,Erstgespräch vereinbaren,
SUCHE | Scheidung+Familie | Wien+25km | P1,Vermögensaufteilung,Anzeigentitel,Klare Kostenauskunft,
SUCHE | Scheidung+Familie | Wien+25km | P1,Vermögensaufteilung,Anzeigentitel,Jetzt Termin anfragen,
SUCHE | Scheidung+Familie | Wien+25km | P1,Vermögensaufteilung,Beschreibung,Aufteilung von Vermögen und Ehewohnung bei der Scheidung. Kanzlei in Wien 3.,1
SUCHE | Scheidung+Familie | Wien+25km | P1,Vermögensaufteilung,Beschreibung,"Immobilie, Ersparnisse, Schulden: Wir klären Ihre Ansprüche im Detail.",
SUCHE | Scheidung+Familie | Wien+25km | P1,Vermögensaufteilung,Beschreibung,Familien- und Immobilienrecht aus einer Hand. Anwaltskanzlei seit 1990.,
SUCHE | Scheidung+Familie | Wien+25km | P1,Vermögensaufteilung,Beschreibung,Termin nach Vereinbarung in Wien Landstraße. Jetzt Erstgespräch anfragen.,
SUCHE | Scheidung+Familie | Wien+25km | P1,Ehevertrag,Anzeigentitel,Ehevertrag Anwalt Wien,1
SUCHE | Scheidung+Familie | Wien+25km | P1,Ehevertrag,Anzeigentitel,Ehevertrag erstellen,1
SUCHE | Scheidung+Familie | Wien+25km | P1,Ehevertrag,Anzeigentitel,Ehepakt & Partnerschaft,
SUCHE | Scheidung+Familie | Wien+25km | P1,Ehevertrag,Anzeigentitel,Partnerschaftsvertrag,
SUCHE | Scheidung+Familie | Wien+25km | P1,Ehevertrag,Anzeigentitel,Vermögen absichern,
SUCHE | Scheidung+Familie | Wien+25km | P1,Ehevertrag,Anzeigentitel,"Kanzlei Dr. Weiser, Wien 3",
SUCHE | Scheidung+Familie | Wien+25km | P1,Ehevertrag,Anzeigentitel,Rechtsanwalt seit 1990,
SUCHE | Scheidung+Familie | Wien+25km | P1,Ehevertrag,Anzeigentitel,Individuell gestaltet,
SUCHE | Scheidung+Familie | Wien+25km | P1,Ehevertrag,Anzeigentitel,Erstgespräch vereinbaren,
SUCHE | Scheidung+Familie | Wien+25km | P1,Ehevertrag,Anzeigentitel,Klare Kostenauskunft,
SUCHE | Scheidung+Familie | Wien+25km | P1,Ehevertrag,Anzeigentitel,Jetzt Termin anfragen,
SUCHE | Scheidung+Familie | Wien+25km | P1,Ehevertrag,Beschreibung,Ehevertrag und Partnerschaftsvertrag individuell gestaltet. Kanzlei in Wien 3.,1
SUCHE | Scheidung+Familie | Wien+25km | P1,Ehevertrag,Beschreibung,Vorsorge für Vermögen und Ehewohnung. Anwaltliche Beratung seit 1990.,
SUCHE | Scheidung+Familie | Wien+25km | P1,Ehevertrag,Beschreibung,Wir besprechen Ihre Ziele und setzen die Vereinbarung rechtssicher auf.,
SUCHE | Scheidung+Familie | Wien+25km | P1,Ehevertrag,Beschreibung,"Kanzlei in 1030 Wien, U3 Rochusgasse. Termin nach Vereinbarung.",
SUCHE | Scheidung+Familie | Wien+25km | P1,Kosten Honorar,Anzeigentitel,Scheidungskosten Wien,1
SUCHE | Scheidung+Familie | Wien+25km | P1,Kosten Honorar,Anzeigentitel,Was kostet die Scheidung,1
SUCHE | Scheidung+Familie | Wien+25km | P1,Kosten Honorar,Anzeigentitel,Honorar transparent,
SUCHE | Scheidung+Familie | Wien+25km | P1,Kosten Honorar,Anzeigentitel,Kosten vorab besprechen,
SUCHE | Scheidung+Familie | Wien+25km | P1,Kosten Honorar,Anzeigentitel,Gerichtskosten & Honorar,
SUCHE | Scheidung+Familie | Wien+25km | P1,Kosten Honorar,Anzeigentitel,"Kanzlei Dr. Weiser, Wien 3",
SUCHE | Scheidung+Familie | Wien+25km | P1,Kosten Honorar,Anzeigentitel,Rechtsanwalt seit 1990,
SUCHE | Scheidung+Familie | Wien+25km | P1,Kosten Honorar,Anzeigentitel,Keine Überraschungen,
SUCHE | Scheidung+Familie | Wien+25km | P1,Kosten Honorar,Anzeigentitel,Erstgespräch vereinbaren,
SUCHE | Scheidung+Familie | Wien+25km | P1,Kosten Honorar,Anzeigentitel,Jetzt Termin anfragen,
SUCHE | Scheidung+Familie | Wien+25km | P1,Kosten Honorar,Beschreibung,Woraus sich die Kosten einer Scheidung zusammensetzen: Überblick der Kanzlei.,1
SUCHE | Scheidung+Familie | Wien+25km | P1,Kosten Honorar,Beschreibung,"Gerichtsgebühren, Honorar und Aufteilung der Kosten verständlich erklärt.",
SUCHE | Scheidung+Familie | Wien+25km | P1,Kosten Honorar,Beschreibung,Wir besprechen die Kosten vorab und halten die Vereinbarung schriftlich fest.,
SUCHE | Scheidung+Familie | Wien+25km | P1,Kosten Honorar,Beschreibung,"Anwaltskanzlei in 1030 Wien seit 1990. Termin nach Vereinbarung, U3 Rochusgasse.",
SUCHE | Erbrecht | Wien+NÖ | P1,Erbrecht Allgemein,Anzeigentitel,Erbrecht Anwalt Wien,1
SUCHE | Erbrecht | Wien+NÖ | P1,Erbrecht Allgemein,Anzeigentitel,Rechtsanwalt Erbrecht,1
SUCHE | Erbrecht | Wien+NÖ | P1,Erbrecht Allgemein,Anzeigentitel,"Kanzlei Dr. Weiser, Wien 3",
SUCHE | Erbrecht | Wien+NÖ | P1,Erbrecht Allgemein,Anzeigentitel,Rechtsanwalt seit 1990,
SUCHE | Erbrecht | Wien+NÖ | P1,Erbrecht Allgemein,Anzeigentitel,Pflichtteil & Testament,
SUCHE | Erbrecht | Wien+NÖ | P1,Erbrecht Allgemein,Anzeigentitel,Verlassenschaft Wien,
SUCHE | Erbrecht | Wien+NÖ | P1,Erbrecht Allgemein,Anzeigentitel,Erbstreit & Erbteilung,
SUCHE | Erbrecht | Wien+NÖ | P1,Erbrecht Allgemein,Anzeigentitel,Erbansprüche prüfen,
SUCHE | Erbrecht | Wien+NÖ | P1,Erbrecht Allgemein,Anzeigentitel,Erstgespräch vereinbaren,
SUCHE | Erbrecht | Wien+NÖ | P1,Erbrecht Allgemein,Anzeigentitel,"U3 Rochusgasse, Wien 3",
SUCHE | Erbrecht | Wien+NÖ | P1,Erbrecht Allgemein,Anzeigentitel,Klare Kostenauskunft,
SUCHE | Erbrecht | Wien+NÖ | P1,Erbrecht Allgemein,Anzeigentitel,Jetzt Termin anfragen,
SUCHE | Erbrecht | Wien+NÖ | P1,Erbrecht Allgemein,Beschreibung,"Erbrecht in Wien: Pflichtteil, Testament, Verlassenschaft und Erbstreit.",1
SUCHE | Erbrecht | Wien+NÖ | P1,Erbrecht Allgemein,Beschreibung,Anwaltskanzlei in 1030 Wien seit 1990. Wir prüfen Ihre Ansprüche.,
SUCHE | Erbrecht | Wien+NÖ | P1,Erbrecht Allgemein,Beschreibung,Persönliche Betreuung durch den Anwalt. Termin nach Vereinbarung.,
SUCHE | Erbrecht | Wien+NÖ | P1,Erbrecht Allgemein,Beschreibung,"Kanzlei in Wien Landstraße, U3 Rochusgasse. Telefonisch oder online anfragen.",
SUCHE | Erbrecht | Wien+NÖ | P1,Pflichtteil,Anzeigentitel,Pflichtteil Anwalt Wien,1
SUCHE | Erbrecht | Wien+NÖ | P1,Pflichtteil,Anzeigentitel,Pflichtteil geltend machen,1
SUCHE | Erbrecht | Wien+NÖ | P1,Pflichtteil,Anzeigentitel,Pflichtteil berechnen,
SUCHE | Erbrecht | Wien+NÖ | P1,Pflichtteil,Anzeigentitel,Enterbt? Anspruch prüfen,
SUCHE | Erbrecht | Wien+NÖ | P1,Pflichtteil,Anzeigentitel,Schenkungsanrechnung,
SUCHE | Erbrecht | Wien+NÖ | P1,Pflichtteil,Anzeigentitel,Pflichtteil einfordern,
SUCHE | Erbrecht | Wien+NÖ | P1,Pflichtteil,Anzeigentitel,"Kanzlei Dr. Weiser, Wien 3",
SUCHE | Erbrecht | Wien+NÖ | P1,Pflichtteil,Anzeigentitel,Rechtsanwalt seit 1990,
SUCHE | Erbrecht | Wien+NÖ | P1,Pflichtteil,Anzeigentitel,Fristen im Blick behalten,
SUCHE | Erbrecht | Wien+NÖ | P1,Pflichtteil,Anzeigentitel,Erstgespräch vereinbaren,
SUCHE | Erbrecht | Wien+NÖ | P1,Pflichtteil,Anzeigentitel,Klare Kostenauskunft,
SUCHE | Erbrecht | Wien+NÖ | P1,Pflichtteil,Anzeigentitel,Jetzt Termin anfragen,
SUCHE | Erbrecht | Wien+NÖ | P1,Pflichtteil,Beschreibung,Pflichtteil prüfen und durchsetzen. Anwaltskanzlei in 1030 Wien seit 1990.,1
SUCHE | Erbrecht | Wien+NÖ | P1,Pflichtteil,Beschreibung,"Höhe, Anrechnung von Schenkungen und Fristen: Wir klären Ihre Ansprüche.",
SUCHE | Erbrecht | Wien+NÖ | P1,Pflichtteil,Beschreibung,Enterbt oder zu wenig erhalten? Wir prüfen Ihre rechtlichen Möglichkeiten.,
SUCHE | Erbrecht | Wien+NÖ | P1,Pflichtteil,Beschreibung,"Termin nach Vereinbarung in Wien Landstraße, U3 Rochusgasse. Jetzt anfragen.",
SUCHE | Erbrecht | Wien+NÖ | P1,Testament,Anzeigentitel,Testament Anwalt Wien,1
SUCHE | Erbrecht | Wien+NÖ | P1,Testament,Anzeigentitel,Testament erstellen Wien,1
SUCHE | Erbrecht | Wien+NÖ | P1,Testament,Anzeigentitel,Testament anfechten,
SUCHE | Erbrecht | Wien+NÖ | P1,Testament,Anzeigentitel,Letztwillige Verfügung,
SUCHE | Erbrecht | Wien+NÖ | P1,Testament,Anzeigentitel,Testament rechtssicher,
SUCHE | Erbrecht | Wien+NÖ | P1,Testament,Anzeigentitel,Nachlass regeln,
SUCHE | Erbrecht | Wien+NÖ | P1,Testament,Anzeigentitel,"Kanzlei Dr. Weiser, Wien 3",
SUCHE | Erbrecht | Wien+NÖ | P1,Testament,Anzeigentitel,Rechtsanwalt seit 1990,
SUCHE | Erbrecht | Wien+NÖ | P1,Testament,Anzeigentitel,Formvorschriften beachten,
SUCHE | Erbrecht | Wien+NÖ | P1,Testament,Anzeigentitel,Erstgespräch vereinbaren,
SUCHE | Erbrecht | Wien+NÖ | P1,Testament,Anzeigentitel,Klare Kostenauskunft,
SUCHE | Erbrecht | Wien+NÖ | P1,Testament,Anzeigentitel,Jetzt Termin anfragen,
SUCHE | Erbrecht | Wien+NÖ | P1,Testament,Beschreibung,Testament rechtssicher errichten oder anfechten. Kanzlei in 1030 Wien.,1
SUCHE | Erbrecht | Wien+NÖ | P1,Testament,Beschreibung,Formvorschriften und Pflichtteilsrecht im Blick. Anwaltliche Beratung seit 1990.,
SUCHE | Erbrecht | Wien+NÖ | P1,Testament,Beschreibung,Wir gestalten Ihre letztwillige Verfügung nach Ihren tatsächlichen Zielen.,
SUCHE | Erbrecht | Wien+NÖ | P1,Testament,Beschreibung,"Kanzlei in Wien Landstraße, U3 Rochusgasse. Termin nach Vereinbarung.",
SUCHE | Erbrecht | Wien+NÖ | P1,Verlassenschaft,Anzeigentitel,Verlassenschaft Anwalt,1
SUCHE | Erbrecht | Wien+NÖ | P1,Verlassenschaft,Anzeigentitel,Verlassenschaftsverfahren,1
SUCHE | Erbrecht | Wien+NÖ | P1,Verlassenschaft,Anzeigentitel,Erbantrittserklärung,
SUCHE | Erbrecht | Wien+NÖ | P1,Verlassenschaft,Anzeigentitel,Vertretung im Verfahren,
SUCHE | Erbrecht | Wien+NÖ | P1,Verlassenschaft,Anzeigentitel,Erbe ausschlagen?,
SUCHE | Erbrecht | Wien+NÖ | P1,Verlassenschaft,Anzeigentitel,Nachlass in Wien,
SUCHE | Erbrecht | Wien+NÖ | P1,Verlassenschaft,Anzeigentitel,"Kanzlei Dr. Weiser, Wien 3",
SUCHE | Erbrecht | Wien+NÖ | P1,Verlassenschaft,Anzeigentitel,Rechtsanwalt seit 1990,
SUCHE | Erbrecht | Wien+NÖ | P1,Verlassenschaft,Anzeigentitel,Ablauf & Dauer klären,
SUCHE | Erbrecht | Wien+NÖ | P1,Verlassenschaft,Anzeigentitel,Erstgespräch vereinbaren,
SUCHE | Erbrecht | Wien+NÖ | P1,Verlassenschaft,Anzeigentitel,Jetzt Termin anfragen,
SUCHE | Erbrecht | Wien+NÖ | P1,Verlassenschaft,Beschreibung,Vertretung im Verlassenschaftsverfahren in Wien und Niederösterreich.,1
SUCHE | Erbrecht | Wien+NÖ | P1,Verlassenschaft,Beschreibung,"Erbantrittserklärung, Inventar und bedingte Erbantrittserklärung geprüft.",
SUCHE | Erbrecht | Wien+NÖ | P1,Verlassenschaft,Beschreibung,Überschuldeter Nachlass? Wir besprechen Ihre Möglichkeiten vor der Erklärung.,
SUCHE | Erbrecht | Wien+NÖ | P1,Verlassenschaft,Beschreibung,Anwaltskanzlei in 1030 Wien seit 1990. Termin nach Vereinbarung.,
SUCHE | Erbrecht | Wien+NÖ | P1,Erbstreit,Anzeigentitel,Erbstreit Anwalt Wien,1
SUCHE | Erbrecht | Wien+NÖ | P1,Erbstreit,Anzeigentitel,Streit um das Erbe,1
SUCHE | Erbrecht | Wien+NÖ | P1,Erbstreit,Anzeigentitel,Erbengemeinschaft lösen,
SUCHE | Erbrecht | Wien+NÖ | P1,Erbstreit,Anzeigentitel,Miterben auszahlen,
SUCHE | Erbrecht | Wien+NÖ | P1,Erbstreit,Anzeigentitel,Erbteilungsklage,
SUCHE | Erbrecht | Wien+NÖ | P1,Erbstreit,Anzeigentitel,"Kanzlei Dr. Weiser, Wien 3",
SUCHE | Erbrecht | Wien+NÖ | P1,Erbstreit,Anzeigentitel,Rechtsanwalt seit 1990,
SUCHE | Erbrecht | Wien+NÖ | P1,Erbstreit,Anzeigentitel,Vertretung vor Gericht,
SUCHE | Erbrecht | Wien+NÖ | P1,Erbstreit,Anzeigentitel,Erstgespräch vereinbaren,
SUCHE | Erbrecht | Wien+NÖ | P1,Erbstreit,Anzeigentitel,Klare Kostenauskunft,
SUCHE | Erbrecht | Wien+NÖ | P1,Erbstreit,Anzeigentitel,Jetzt Termin anfragen,
SUCHE | Erbrecht | Wien+NÖ | P1,Erbstreit,Beschreibung,Konflikte unter Miterben und Auflösung der Erbengemeinschaft. Kanzlei Wien 3.,1
SUCHE | Erbrecht | Wien+NÖ | P1,Erbstreit,Beschreibung,"Erbteilung, Auszahlung und gerichtliche Durchsetzung Ihrer Ansprüche.",
SUCHE | Erbrecht | Wien+NÖ | P1,Erbstreit,Beschreibung,Anwaltskanzlei in 1030 Wien seit 1990. Wir prüfen Ihre Ausgangslage.,
SUCHE | Erbrecht | Wien+NÖ | P1,Erbstreit,Beschreibung,Termin nach Vereinbarung in Wien Landstraße. U3 Rochusgasse. Jetzt anfragen.,
SUCHE | Erbrecht | Wien+NÖ | P1,Schenkung Übergabe,Anzeigentitel,Schenkungsvertrag Wien,1
SUCHE | Erbrecht | Wien+NÖ | P1,Schenkung Übergabe,Anzeigentitel,Übergabevertrag Anwalt,1
SUCHE | Erbrecht | Wien+NÖ | P1,Schenkung Übergabe,Anzeigentitel,Haus überschreiben,
SUCHE | Erbrecht | Wien+NÖ | P1,Schenkung Übergabe,Anzeigentitel,Wohnung übergeben,
SUCHE | Erbrecht | Wien+NÖ | P1,Schenkung Übergabe,Anzeigentitel,Vermögen weitergeben,
SUCHE | Erbrecht | Wien+NÖ | P1,Schenkung Übergabe,Anzeigentitel,Wohnrecht & Fruchtgenuss,
SUCHE | Erbrecht | Wien+NÖ | P1,Schenkung Übergabe,Anzeigentitel,"Kanzlei Dr. Weiser, Wien 3",
SUCHE | Erbrecht | Wien+NÖ | P1,Schenkung Übergabe,Anzeigentitel,Rechtsanwalt seit 1990,
SUCHE | Erbrecht | Wien+NÖ | P1,Schenkung Übergabe,Anzeigentitel,Erb- & Immobilienrecht,
SUCHE | Erbrecht | Wien+NÖ | P1,Schenkung Übergabe,Anzeigentitel,Erstgespräch vereinbaren,
SUCHE | Erbrecht | Wien+NÖ | P1,Schenkung Übergabe,Anzeigentitel,Jetzt Termin anfragen,
SUCHE | Erbrecht | Wien+NÖ | P1,Schenkung Übergabe,Beschreibung,Schenkungs- und Übergabevertrag rechtssicher gestalten. Kanzlei in Wien 3.,1
SUCHE | Erbrecht | Wien+NÖ | P1,Schenkung Übergabe,Beschreibung,"Wohnrecht, Fruchtgenuss und Pflichtteilsanrechnung von Anfang an mitgedacht.",
SUCHE | Erbrecht | Wien+NÖ | P1,Schenkung Übergabe,Beschreibung,Erb- und Immobilienrecht aus einer Hand. Anwaltskanzlei seit 1990.,
SUCHE | Erbrecht | Wien+NÖ | P1,Schenkung Übergabe,Beschreibung,"Kanzlei in 1030 Wien, U3 Rochusgasse. Termin nach Vereinbarung.",
SUCHE | Immobilien+Treuhand | Wien+NÖ | P1,Immobilienrecht,Anzeigentitel,Immobilienrecht Wien,1
SUCHE | Immobilien+Treuhand | Wien+NÖ | P1,Immobilienrecht,Anzeigentitel,Anwalt Immobilien Wien,1
SUCHE | Immobilien+Treuhand | Wien+NÖ | P1,Immobilienrecht,Anzeigentitel,Liegenschaftsrecht,
SUCHE | Immobilien+Treuhand | Wien+NÖ | P1,Immobilienrecht,Anzeigentitel,Kaufvertrag & Treuhand,
SUCHE | Immobilien+Treuhand | Wien+NÖ | P1,Immobilienrecht,Anzeigentitel,Wohnungseigentum Wien,
SUCHE | Immobilien+Treuhand | Wien+NÖ | P1,Immobilienrecht,Anzeigentitel,"Kanzlei Dr. Weiser, Wien 3",
SUCHE | Immobilien+Treuhand | Wien+NÖ | P1,Immobilienrecht,Anzeigentitel,Rechtsanwalt seit 1990,
SUCHE | Immobilien+Treuhand | Wien+NÖ | P1,Immobilienrecht,Anzeigentitel,Vertragserrichtung,
SUCHE | Immobilien+Treuhand | Wien+NÖ | P1,Immobilienrecht,Anzeigentitel,Erstgespräch vereinbaren,
SUCHE | Immobilien+Treuhand | Wien+NÖ | P1,Immobilienrecht,Anzeigentitel,"U3 Rochusgasse, Wien 3",
SUCHE | Immobilien+Treuhand | Wien+NÖ | P1,Immobilienrecht,Anzeigentitel,Klare Kostenauskunft,
SUCHE | Immobilien+Treuhand | Wien+NÖ | P1,Immobilienrecht,Anzeigentitel,Jetzt Termin anfragen,
SUCHE | Immobilien+Treuhand | Wien+NÖ | P1,Immobilienrecht,Beschreibung,"Liegenschafts- und Immobilienrecht in Wien: Verträge, Treuhand, Grundbuch.",1
SUCHE | Immobilien+Treuhand | Wien+NÖ | P1,Immobilienrecht,Beschreibung,Anwaltskanzlei in 1030 Wien seit 1990. Persönliche Betreuung im Mandat.,
SUCHE | Immobilien+Treuhand | Wien+NÖ | P1,Immobilienrecht,Beschreibung,Vertragserrichtung und Abwicklung aus einer Hand. Termin nach Vereinbarung.,
SUCHE | Immobilien+Treuhand | Wien+NÖ | P1,Immobilienrecht,Beschreibung,"Kanzlei in Wien Landstraße, U3 Rochusgasse. Telefonisch oder online anfragen.",
SUCHE | Immobilien+Treuhand | Wien+NÖ | P1,Kaufvertrag,Anzeigentitel,Kaufvertrag Immobilie,1
SUCHE | Immobilien+Treuhand | Wien+NÖ | P1,Kaufvertrag,Anzeigentitel,Anwalt Kaufvertrag Wien,1
SUCHE | Immobilien+Treuhand | Wien+NÖ | P1,Kaufvertrag,Anzeigentitel,Vertragserrichtung Wien,
SUCHE | Immobilien+Treuhand | Wien+NÖ | P1,Kaufvertrag,Anzeigentitel,Kaufvertrag prüfen,
SUCHE | Immobilien+Treuhand | Wien+NÖ | P1,Kaufvertrag,Anzeigentitel,Wohnung oder Haus kaufen,
SUCHE | Immobilien+Treuhand | Wien+NÖ | P1,Kaufvertrag,Anzeigentitel,Inkl. Treuhandabwicklung,
SUCHE | Immobilien+Treuhand | Wien+NÖ | P1,Kaufvertrag,Anzeigentitel,Grundbuch & Abwicklung,
SUCHE | Immobilien+Treuhand | Wien+NÖ | P1,Kaufvertrag,Anzeigentitel,"Kanzlei Dr. Weiser, Wien 3",
SUCHE | Immobilien+Treuhand | Wien+NÖ | P1,Kaufvertrag,Anzeigentitel,Rechtsanwalt seit 1990,
SUCHE | Immobilien+Treuhand | Wien+NÖ | P1,Kaufvertrag,Anzeigentitel,Klare Kostenauskunft,
SUCHE | Immobilien+Treuhand | Wien+NÖ | P1,Kaufvertrag,Anzeigentitel,Erstgespräch vereinbaren,
SUCHE | Immobilien+Treuhand | Wien+NÖ | P1,Kaufvertrag,Anzeigentitel,Jetzt Termin anfragen,
SUCHE | Immobilien+Treuhand | Wien+NÖ | P1,Kaufvertrag,Beschreibung,Kaufvertrag für Wohnung oder Haus errichten und prüfen. Kanzlei in Wien 3.,1
SUCHE | Immobilien+Treuhand | Wien+NÖ | P1,Kaufvertrag,Beschreibung,"Vertrag, Treuhandabwicklung und Grundbuchseintragung aus einer Hand.",
SUCHE | Immobilien+Treuhand | Wien+NÖ | P1,Kaufvertrag,Beschreibung,Anwaltskanzlei in 1030 Wien seit 1990. Wir nennen das Honorar vorab.,
SUCHE | Immobilien+Treuhand | Wien+NÖ | P1,Kaufvertrag,Beschreibung,"Termin nach Vereinbarung, U3 Rochusgasse. Telefonisch oder online anfragen.",
SUCHE | Immobilien+Treuhand | Wien+NÖ | P1,Treuhand,Anzeigentitel,Anwaltlicher Treuhänder,1
SUCHE | Immobilien+Treuhand | Wien+NÖ | P1,Treuhand,Anzeigentitel,Treuhand Anwalt Wien,1
SUCHE | Immobilien+Treuhand | Wien+NÖ | P1,Treuhand,Anzeigentitel,Treuhandabwicklung,
SUCHE | Immobilien+Treuhand | Wien+NÖ | P1,Treuhand,Anzeigentitel,Sichere Kaufabwicklung,
SUCHE | Immobilien+Treuhand | Wien+NÖ | P1,Treuhand,Anzeigentitel,Treuhandkonto Kanzlei,
SUCHE | Immobilien+Treuhand | Wien+NÖ | P1,Treuhand,Anzeigentitel,Liegenschaftskauf,
SUCHE | Immobilien+Treuhand | Wien+NÖ | P1,Treuhand,Anzeigentitel,"Kanzlei Dr. Weiser, Wien 3",
SUCHE | Immobilien+Treuhand | Wien+NÖ | P1,Treuhand,Anzeigentitel,Rechtsanwalt seit 1990,
SUCHE | Immobilien+Treuhand | Wien+NÖ | P1,Treuhand,Anzeigentitel,Ablauf & Kosten klären,
SUCHE | Immobilien+Treuhand | Wien+NÖ | P1,Treuhand,Anzeigentitel,Erstgespräch vereinbaren,
SUCHE | Immobilien+Treuhand | Wien+NÖ | P1,Treuhand,Anzeigentitel,Jetzt Termin anfragen,
SUCHE | Immobilien+Treuhand | Wien+NÖ | P1,Treuhand,Beschreibung,Treuhandabwicklung beim Immobilienkauf durch die Anwaltskanzlei in Wien 3.,1
SUCHE | Immobilien+Treuhand | Wien+NÖ | P1,Treuhand,Beschreibung,Kaufpreis und Grundbuch geordnet abgewickelt. Rechtsanwalt seit 1990.,
SUCHE | Immobilien+Treuhand | Wien+NÖ | P1,Treuhand,Beschreibung,Wir erklären Ihnen den Ablauf und die Kosten der Treuhandschaft vorab.,
SUCHE | Immobilien+Treuhand | Wien+NÖ | P1,Treuhand,Beschreibung,"Kanzlei in 1030 Wien, U3 Rochusgasse. Termin nach Vereinbarung.",
SUCHE | Immobilien+Treuhand | Wien+NÖ | P1,Wohnungseigentum,Anzeigentitel,Wohnungseigentum Wien,1
SUCHE | Immobilien+Treuhand | Wien+NÖ | P1,Wohnungseigentum,Anzeigentitel,Anwalt Wohnungseigentum,1
SUCHE | Immobilien+Treuhand | Wien+NÖ | P1,Wohnungseigentum,Anzeigentitel,Eigentümergemeinschaft,
SUCHE | Immobilien+Treuhand | Wien+NÖ | P1,Wohnungseigentum,Anzeigentitel,Streit mit Hausverwaltung,
SUCHE | Immobilien+Treuhand | Wien+NÖ | P1,Wohnungseigentum,Anzeigentitel,Wohnungseigentumsvertrag,
SUCHE | Immobilien+Treuhand | Wien+NÖ | P1,Wohnungseigentum,Anzeigentitel,Nutzwerte & WEG,
SUCHE | Immobilien+Treuhand | Wien+NÖ | P1,Wohnungseigentum,Anzeigentitel,"Kanzlei Dr. Weiser, Wien 3",
SUCHE | Immobilien+Treuhand | Wien+NÖ | P1,Wohnungseigentum,Anzeigentitel,Rechtsanwalt seit 1990,
SUCHE | Immobilien+Treuhand | Wien+NÖ | P1,Wohnungseigentum,Anzeigentitel,Erstgespräch vereinbaren,
SUCHE | Immobilien+Treuhand | Wien+NÖ | P1,Wohnungseigentum,Anzeigentitel,Klare Kostenauskunft,
SUCHE | Immobilien+Treuhand | Wien+NÖ | P1,Wohnungseigentum,Anzeigentitel,Jetzt Termin anfragen,
SUCHE | Immobilien+Treuhand | Wien+NÖ | P1,Wohnungseigentum,Beschreibung,Wohnungseigentumsrecht in Wien. Verträge und Konflikte in der Gemeinschaft.,1
SUCHE | Immobilien+Treuhand | Wien+NÖ | P1,Wohnungseigentum,Beschreibung,"Wohnungseigentumsvertrag, Nutzwerte und Beschlüsse anwaltlich geprüft.",
SUCHE | Immobilien+Treuhand | Wien+NÖ | P1,Wohnungseigentum,Beschreibung,Anwaltskanzlei in 1030 Wien seit 1990. Termin nach Vereinbarung.,
SUCHE | Immobilien+Treuhand | Wien+NÖ | P1,Wohnungseigentum,Beschreibung,"Kanzlei in Wien Landstraße, U3 Rochusgasse. Jetzt Erstgespräch anfragen.",
SUCHE | Immobilien+Treuhand | Wien+NÖ | P1,Bauträger Bauvertrag,Anzeigentitel,Bauträgervertrag Wien,1
SUCHE | Immobilien+Treuhand | Wien+NÖ | P1,Bauträger Bauvertrag,Anzeigentitel,Anwalt Bauvertrag Wien,1
SUCHE | Immobilien+Treuhand | Wien+NÖ | P1,Bauträger Bauvertrag,Anzeigentitel,Bauträgervertrag prüfen,
SUCHE | Immobilien+Treuhand | Wien+NÖ | P1,Bauträger Bauvertrag,Anzeigentitel,Baumängel geltend machen,
SUCHE | Immobilien+Treuhand | Wien+NÖ | P1,Bauträger Bauvertrag,Anzeigentitel,BTVG & Sicherungsmodell,
SUCHE | Immobilien+Treuhand | Wien+NÖ | P1,Bauträger Bauvertrag,Anzeigentitel,Werkvertrag am Bau,
SUCHE | Immobilien+Treuhand | Wien+NÖ | P1,Bauträger Bauvertrag,Anzeigentitel,"Kanzlei Dr. Weiser, Wien 3",
SUCHE | Immobilien+Treuhand | Wien+NÖ | P1,Bauträger Bauvertrag,Anzeigentitel,Rechtsanwalt seit 1990,
SUCHE | Immobilien+Treuhand | Wien+NÖ | P1,Bauträger Bauvertrag,Anzeigentitel,Erstgespräch vereinbaren,
SUCHE | Immobilien+Treuhand | Wien+NÖ | P1,Bauträger Bauvertrag,Anzeigentitel,Jetzt Termin anfragen,
SUCHE | Immobilien+Treuhand | Wien+NÖ | P1,Bauträger Bauvertrag,Beschreibung,Bauträgervertrag vor Unterschrift anwaltlich prüfen lassen. Kanzlei Wien 3.,1
SUCHE | Immobilien+Treuhand | Wien+NÖ | P1,Bauträger Bauvertrag,Beschreibung,"Sicherungsmodell, Ratenplan und Baumängel nach dem BTVG geprüft.",
SUCHE | Immobilien+Treuhand | Wien+NÖ | P1,Bauträger Bauvertrag,Beschreibung,Anwaltskanzlei in 1030 Wien seit 1990. Wir nennen das Honorar vorab.,
SUCHE | Immobilien+Treuhand | Wien+NÖ | P1,Bauträger Bauvertrag,Beschreibung,"Termin nach Vereinbarung, U3 Rochusgasse in Wien Landstraße.",
SUCHE | Immobilien+Treuhand | Wien+NÖ | P1,Grundbuch Dienstbarkeit,Anzeigentitel,Grundbuch Anwalt Wien,1
SUCHE | Immobilien+Treuhand | Wien+NÖ | P1,Grundbuch Dienstbarkeit,Anzeigentitel,Dienstbarkeit & Servitut,1
SUCHE | Immobilien+Treuhand | Wien+NÖ | P1,Grundbuch Dienstbarkeit,Anzeigentitel,Wohnrecht eintragen,
SUCHE | Immobilien+Treuhand | Wien+NÖ | P1,Grundbuch Dienstbarkeit,Anzeigentitel,Fruchtgenussrecht,
SUCHE | Immobilien+Treuhand | Wien+NÖ | P1,Grundbuch Dienstbarkeit,Anzeigentitel,Grundbuchseintragung,
SUCHE | Immobilien+Treuhand | Wien+NÖ | P1,Grundbuch Dienstbarkeit,Anzeigentitel,"Kanzlei Dr. Weiser, Wien 3",
SUCHE | Immobilien+Treuhand | Wien+NÖ | P1,Grundbuch Dienstbarkeit,Anzeigentitel,Rechtsanwalt seit 1990,
SUCHE | Immobilien+Treuhand | Wien+NÖ | P1,Grundbuch Dienstbarkeit,Anzeigentitel,Erstgespräch vereinbaren,
SUCHE | Immobilien+Treuhand | Wien+NÖ | P1,Grundbuch Dienstbarkeit,Anzeigentitel,Jetzt Termin anfragen,
SUCHE | Immobilien+Treuhand | Wien+NÖ | P1,Grundbuch Dienstbarkeit,Beschreibung,"Grundbuch, Dienstbarkeiten und Wohnrecht anwaltlich geregelt. Kanzlei Wien 3.",1
SUCHE | Immobilien+Treuhand | Wien+NÖ | P1,Grundbuch Dienstbarkeit,Beschreibung,"Servitut, Fruchtgenuss und Belastungsverbot rechtssicher vereinbart.",
SUCHE | Immobilien+Treuhand | Wien+NÖ | P1,Grundbuch Dienstbarkeit,Beschreibung,Anwaltskanzlei in 1030 Wien seit 1990. Termin nach Vereinbarung.,
SUCHE | Immobilien+Treuhand | Wien+NÖ | P1,Grundbuch Dienstbarkeit,Beschreibung,"Kanzlei in Wien Landstraße, U3 Rochusgasse. Jetzt Erstgespräch anfragen.",
SUCHE | Gesellschaftsrecht | Wien+25km | P1,Gesellschaftsrecht Allgemein,Anzeigentitel,Gesellschaftsrecht Wien,1
SUCHE | Gesellschaftsrecht | Wien+25km | P1,Gesellschaftsrecht Allgemein,Anzeigentitel,Anwalt Unternehmensrecht,1
SUCHE | Gesellschaftsrecht | Wien+25km | P1,Gesellschaftsrecht Allgemein,Anzeigentitel,GmbH & FlexCo Beratung,
SUCHE | Gesellschaftsrecht | Wien+25km | P1,Gesellschaftsrecht Allgemein,Anzeigentitel,Verträge & Beteiligung,
SUCHE | Gesellschaftsrecht | Wien+25km | P1,Gesellschaftsrecht Allgemein,Anzeigentitel,Unternehmenskauf Wien,
SUCHE | Gesellschaftsrecht | Wien+25km | P1,Gesellschaftsrecht Allgemein,Anzeigentitel,"Kanzlei Dr. Weiser, Wien 3",
SUCHE | Gesellschaftsrecht | Wien+25km | P1,Gesellschaftsrecht Allgemein,Anzeigentitel,Rechtsanwalt seit 1990,
SUCHE | Gesellschaftsrecht | Wien+25km | P1,Gesellschaftsrecht Allgemein,Anzeigentitel,Direkt mit dem Anwalt,
SUCHE | Gesellschaftsrecht | Wien+25km | P1,Gesellschaftsrecht Allgemein,Anzeigentitel,Erstgespräch vereinbaren,
SUCHE | Gesellschaftsrecht | Wien+25km | P1,Gesellschaftsrecht Allgemein,Anzeigentitel,"U3 Rochusgasse, Wien 3",
SUCHE | Gesellschaftsrecht | Wien+25km | P1,Gesellschaftsrecht Allgemein,Anzeigentitel,Jetzt Termin anfragen,
SUCHE | Gesellschaftsrecht | Wien+25km | P1,Gesellschaftsrecht Allgemein,Beschreibung,"Gesellschafts- und Unternehmensrecht in Wien: Gründung, Verträge, Konflikte.",1
SUCHE | Gesellschaftsrecht | Wien+25km | P1,Gesellschaftsrecht Allgemein,Beschreibung,Anwaltskanzlei in 1030 Wien seit 1990. Beratung direkt durch den Anwalt.,
SUCHE | Gesellschaftsrecht | Wien+25km | P1,Gesellschaftsrecht Allgemein,Beschreibung,"GmbH, FlexCo, Syndikatsverträge und Anteilsabtretungen aus einer Hand.",
SUCHE | Gesellschaftsrecht | Wien+25km | P1,Gesellschaftsrecht Allgemein,Beschreibung,"Kanzlei in Wien Landstraße, U3 Rochusgasse. Termin nach Vereinbarung.",
SUCHE | Gesellschaftsrecht | Wien+25km | P1,GmbH FlexCo Gründung,Anzeigentitel,GmbH gründen in Wien,1
SUCHE | Gesellschaftsrecht | Wien+25km | P1,GmbH FlexCo Gründung,Anzeigentitel,FlexCo gründen Anwalt,1
SUCHE | Gesellschaftsrecht | Wien+25km | P1,GmbH FlexCo Gründung,Anzeigentitel,Flexible Kapitalgesellsch.,
SUCHE | Gesellschaftsrecht | Wien+25km | P1,GmbH FlexCo Gründung,Anzeigentitel,Gesellschaftsvertrag,
SUCHE | Gesellschaftsrecht | Wien+25km | P1,GmbH FlexCo Gründung,Anzeigentitel,GmbH oder FlexCo?,
SUCHE | Gesellschaftsrecht | Wien+25km | P1,GmbH FlexCo Gründung,Anzeigentitel,Firmenbuch & Gründung,
SUCHE | Gesellschaftsrecht | Wien+25km | P1,GmbH FlexCo Gründung,Anzeigentitel,Start-up Beratung Wien,
SUCHE | Gesellschaftsrecht | Wien+25km | P1,GmbH FlexCo Gründung,Anzeigentitel,"Kanzlei Dr. Weiser, Wien 3",
SUCHE | Gesellschaftsrecht | Wien+25km | P1,GmbH FlexCo Gründung,Anzeigentitel,Rechtsanwalt seit 1990,
SUCHE | Gesellschaftsrecht | Wien+25km | P1,GmbH FlexCo Gründung,Anzeigentitel,Klare Kostenauskunft,
SUCHE | Gesellschaftsrecht | Wien+25km | P1,GmbH FlexCo Gründung,Anzeigentitel,Jetzt Termin anfragen,
SUCHE | Gesellschaftsrecht | Wien+25km | P1,GmbH FlexCo Gründung,Beschreibung,"GmbH oder FlexCo gründen: Rechtsformwahl, Vertrag und Firmenbuch in Wien.",1
SUCHE | Gesellschaftsrecht | Wien+25km | P1,GmbH FlexCo Gründung,Beschreibung,Die Flexible Kapitalgesellschaft gibt es seit 2024. Wir prüfen, was zu Ihnen passt.,
SUCHE | Gesellschaftsrecht | Wien+25km | P1,GmbH FlexCo Gründung,Beschreibung,Anwaltskanzlei in 1030 Wien seit 1990. Honorar wird vorab besprochen.,
SUCHE | Gesellschaftsrecht | Wien+25km | P1,GmbH FlexCo Gründung,Beschreibung,"Termin nach Vereinbarung, U3 Rochusgasse. Telefonisch oder online anfragen.",
SUCHE | Gesellschaftsrecht | Wien+25km | P1,Gesellschafterverträge,Anzeigentitel,Syndikatsvertrag Wien,1
SUCHE | Gesellschaftsrecht | Wien+25km | P1,Gesellschafterverträge,Anzeigentitel,Gesellschaftsvertrag,1
SUCHE | Gesellschaftsrecht | Wien+25km | P1,Gesellschafterverträge,Anzeigentitel,Gesellschaftervereinbarung,
SUCHE | Gesellschaftsrecht | Wien+25km | P1,Gesellschafterverträge,Anzeigentitel,Beteiligungsvertrag,
SUCHE | Gesellschaftsrecht | Wien+25km | P1,Gesellschafterverträge,Anzeigentitel,Vertrag anwaltlich prüfen,
SUCHE | Gesellschaftsrecht | Wien+25km | P1,Gesellschafterverträge,Anzeigentitel,"Kanzlei Dr. Weiser, Wien 3",
SUCHE | Gesellschaftsrecht | Wien+25km | P1,Gesellschafterverträge,Anzeigentitel,Rechtsanwalt seit 1990,
SUCHE | Gesellschaftsrecht | Wien+25km | P1,Gesellschafterverträge,Anzeigentitel,Erstgespräch vereinbaren,
SUCHE | Gesellschaftsrecht | Wien+25km | P1,Gesellschafterverträge,Anzeigentitel,Jetzt Termin anfragen,
SUCHE | Gesellschaftsrecht | Wien+25km | P1,Gesellschafterverträge,Beschreibung,Syndikats- und Gesellschaftsverträge gestalten und prüfen. Kanzlei in Wien 3.,1
SUCHE | Gesellschaftsrecht | Wien+25km | P1,Gesellschafterverträge,Beschreibung,"Stimmrechte, Exit-Regelungen und Vorkaufsrechte klar geregelt.",
SUCHE | Gesellschaftsrecht | Wien+25km | P1,Gesellschafterverträge,Beschreibung,Anwaltskanzlei in 1030 Wien seit 1990. Termin nach Vereinbarung.,
SUCHE | Gesellschaftsrecht | Wien+25km | P1,Gesellschafterverträge,Beschreibung,"Kanzlei in Wien Landstraße, U3 Rochusgasse. Jetzt Erstgespräch anfragen.",
SUCHE | Gesellschaftsrecht | Wien+25km | P1,Anteilsabtretung M&A,Anzeigentitel,Unternehmenskauf Wien,1
SUCHE | Gesellschaftsrecht | Wien+25km | P1,Anteilsabtretung M&A,Anzeigentitel,Anteilsabtretung GmbH,1
SUCHE | Gesellschaftsrecht | Wien+25km | P1,Anteilsabtretung M&A,Anzeigentitel,GmbH-Anteile verkaufen,
SUCHE | Gesellschaftsrecht | Wien+25km | P1,Anteilsabtretung M&A,Anzeigentitel,Share Deal Beratung,
SUCHE | Gesellschaftsrecht | Wien+25km | P1,Anteilsabtretung M&A,Anzeigentitel,Due Diligence Wien,
SUCHE | Gesellschaftsrecht | Wien+25km | P1,Anteilsabtretung M&A,Anzeigentitel,Firmenübernahme Anwalt,
SUCHE | Gesellschaftsrecht | Wien+25km | P1,Anteilsabtretung M&A,Anzeigentitel,"Kanzlei Dr. Weiser, Wien 3",
SUCHE | Gesellschaftsrecht | Wien+25km | P1,Anteilsabtretung M&A,Anzeigentitel,Rechtsanwalt seit 1990,
SUCHE | Gesellschaftsrecht | Wien+25km | P1,Anteilsabtretung M&A,Anzeigentitel,Erstgespräch vereinbaren,
SUCHE | Gesellschaftsrecht | Wien+25km | P1,Anteilsabtretung M&A,Anzeigentitel,Jetzt Termin anfragen,
SUCHE | Gesellschaftsrecht | Wien+25km | P1,Anteilsabtretung M&A,Beschreibung,Kauf und Verkauf von Gesellschaftsanteilen anwaltlich begleitet. Wien 3.,1
SUCHE | Gesellschaftsrecht | Wien+25km | P1,Anteilsabtretung M&A,Beschreibung,"Abtretungsvertrag, Due Diligence und Firmenbuch aus einer Hand.",
SUCHE | Gesellschaftsrecht | Wien+25km | P1,Anteilsabtretung M&A,Beschreibung,Anwaltskanzlei in 1030 Wien seit 1990. Termin nach Vereinbarung.,
SUCHE | Gesellschaftsrecht | Wien+25km | P1,Anteilsabtretung M&A,Beschreibung,"Kanzlei in Wien Landstraße, U3 Rochusgasse. Jetzt Erstgespräch anfragen.",
SUCHE | Gesellschaftsrecht | Wien+25km | P1,Gesellschafterstreit,Anzeigentitel,Gesellschafterstreit Wien,1
SUCHE | Gesellschaftsrecht | Wien+25km | P1,Gesellschafterstreit,Anzeigentitel,Anwalt GmbH-Konflikt,1
SUCHE | Gesellschaftsrecht | Wien+25km | P1,Gesellschafterstreit,Anzeigentitel,Geschäftsführerhaftung,
SUCHE | Gesellschaftsrecht | Wien+25km | P1,Gesellschafterstreit,Anzeigentitel,Gesellschafter ausschließen,
SUCHE | Gesellschaftsrecht | Wien+25km | P1,Gesellschafterstreit,Anzeigentitel,Abberufung Geschäftsführer,
SUCHE | Gesellschaftsrecht | Wien+25km | P1,Gesellschafterstreit,Anzeigentitel,"Kanzlei Dr. Weiser, Wien 3",
SUCHE | Gesellschaftsrecht | Wien+25km | P1,Gesellschafterstreit,Anzeigentitel,Rechtsanwalt seit 1990,
SUCHE | Gesellschaftsrecht | Wien+25km | P1,Gesellschafterstreit,Anzeigentitel,Vertretung vor Gericht,
SUCHE | Gesellschaftsrecht | Wien+25km | P1,Gesellschafterstreit,Anzeigentitel,Erstgespräch vereinbaren,
SUCHE | Gesellschaftsrecht | Wien+25km | P1,Gesellschafterstreit,Anzeigentitel,Jetzt Termin anfragen,
SUCHE | Gesellschaftsrecht | Wien+25km | P1,Gesellschafterstreit,Beschreibung,Konflikte zwischen Gesellschaftern und Geschäftsführern. Kanzlei in Wien 3.,1
SUCHE | Gesellschaftsrecht | Wien+25km | P1,Gesellschafterstreit,Beschreibung,"Ausschluss, Abberufung und Haftungsfragen anwaltlich geprüft.",
SUCHE | Gesellschaftsrecht | Wien+25km | P1,Gesellschafterstreit,Beschreibung,Anwaltskanzlei in 1030 Wien seit 1990. Wir prüfen Ihre Ausgangslage.,
SUCHE | Gesellschaftsrecht | Wien+25km | P1,Gesellschafterstreit,Beschreibung,"Termin nach Vereinbarung, U3 Rochusgasse in Wien Landstraße.",
SUCHE | Stiftung+Nachfolge | AT | P2,Privatstiftung,Anzeigentitel,Privatstiftung Anwalt,1
SUCHE | Stiftung+Nachfolge | AT | P2,Privatstiftung,Anzeigentitel,Stiftungsrecht Wien,1
SUCHE | Stiftung+Nachfolge | AT | P2,Privatstiftung,Anzeigentitel,Privatstiftung gründen,
SUCHE | Stiftung+Nachfolge | AT | P2,Privatstiftung,Anzeigentitel,Stiftung & Vermögen,
SUCHE | Stiftung+Nachfolge | AT | P2,Privatstiftung,Anzeigentitel,Beratung Stiftungsvorstand,
SUCHE | Stiftung+Nachfolge | AT | P2,Privatstiftung,Anzeigentitel,"Kanzlei Dr. Weiser, Wien 3",
SUCHE | Stiftung+Nachfolge | AT | P2,Privatstiftung,Anzeigentitel,Rechtsanwalt seit 1990,
SUCHE | Stiftung+Nachfolge | AT | P2,Privatstiftung,Anzeigentitel,Diskret und persönlich,
SUCHE | Stiftung+Nachfolge | AT | P2,Privatstiftung,Anzeigentitel,Erstgespräch vereinbaren,
SUCHE | Stiftung+Nachfolge | AT | P2,Privatstiftung,Anzeigentitel,Jetzt Termin anfragen,
SUCHE | Stiftung+Nachfolge | AT | P2,Privatstiftung,Beschreibung,Stiftungsrecht und Privatstiftungen. Anwaltskanzlei in 1030 Wien seit 1990.,1
SUCHE | Stiftung+Nachfolge | AT | P2,Privatstiftung,Beschreibung,"Errichtung, laufende Beratung und Änderung der Stiftungserklärung.",
SUCHE | Stiftung+Nachfolge | AT | P2,Privatstiftung,Beschreibung,Diskrete Betreuung direkt durch den Anwalt. Termin nach Vereinbarung.,
SUCHE | Stiftung+Nachfolge | AT | P2,Privatstiftung,Beschreibung,"Kanzlei in Wien Landstraße, U3 Rochusgasse. Jetzt Erstgespräch anfragen.",
SUCHE | Stiftung+Nachfolge | AT | P2,Stiftungsurkunden,Anzeigentitel,Stiftungsurkunde Anwalt,1
SUCHE | Stiftung+Nachfolge | AT | P2,Stiftungsurkunden,Anzeigentitel,Stiftungszusatzurkunde,1
SUCHE | Stiftung+Nachfolge | AT | P2,Stiftungsurkunden,Anzeigentitel,Stiftungserklärung ändern,
SUCHE | Stiftung+Nachfolge | AT | P2,Stiftungsurkunden,Anzeigentitel,Begünstigtenregelung,
SUCHE | Stiftung+Nachfolge | AT | P2,Stiftungsurkunden,Anzeigentitel,"Kanzlei Dr. Weiser, Wien 3",
SUCHE | Stiftung+Nachfolge | AT | P2,Stiftungsurkunden,Anzeigentitel,Rechtsanwalt seit 1990,
SUCHE | Stiftung+Nachfolge | AT | P2,Stiftungsurkunden,Anzeigentitel,Erstgespräch vereinbaren,
SUCHE | Stiftung+Nachfolge | AT | P2,Stiftungsurkunden,Anzeigentitel,Jetzt Termin anfragen,
SUCHE | Stiftung+Nachfolge | AT | P2,Stiftungsurkunden,Beschreibung,Stiftungsurkunde und Zusatzurkunde erstellen oder anpassen. Kanzlei Wien 3.,1
SUCHE | Stiftung+Nachfolge | AT | P2,Stiftungsurkunden,Beschreibung,Begünstigtenregelungen und Änderungsvorbehalte sorgfältig gestaltet.,
SUCHE | Stiftung+Nachfolge | AT | P2,Stiftungsurkunden,Beschreibung,Anwaltskanzlei in 1030 Wien seit 1990. Termin nach Vereinbarung.,
SUCHE | Stiftung+Nachfolge | AT | P2,Stiftungsurkunden,Beschreibung,"Kanzlei in Wien Landstraße, U3 Rochusgasse. Jetzt Erstgespräch anfragen.",
SUCHE | Stiftung+Nachfolge | AT | P2,Vermögensnachfolge,Anzeigentitel,Vermögensnachfolge,1
SUCHE | Stiftung+Nachfolge | AT | P2,Vermögensnachfolge,Anzeigentitel,Unternehmensnachfolge,1
SUCHE | Stiftung+Nachfolge | AT | P2,Vermögensnachfolge,Anzeigentitel,Betriebsübergabe Anwalt,
SUCHE | Stiftung+Nachfolge | AT | P2,Vermögensnachfolge,Anzeigentitel,Nachfolge planen,
SUCHE | Stiftung+Nachfolge | AT | P2,Vermögensnachfolge,Anzeigentitel,Familienunternehmen,
SUCHE | Stiftung+Nachfolge | AT | P2,Vermögensnachfolge,Anzeigentitel,"Kanzlei Dr. Weiser, Wien 3",
SUCHE | Stiftung+Nachfolge | AT | P2,Vermögensnachfolge,Anzeigentitel,Rechtsanwalt seit 1990,
SUCHE | Stiftung+Nachfolge | AT | P2,Vermögensnachfolge,Anzeigentitel,Erb- & Gesellschaftsrecht,
SUCHE | Stiftung+Nachfolge | AT | P2,Vermögensnachfolge,Anzeigentitel,Erstgespräch vereinbaren,
SUCHE | Stiftung+Nachfolge | AT | P2,Vermögensnachfolge,Anzeigentitel,Jetzt Termin anfragen,
SUCHE | Stiftung+Nachfolge | AT | P2,Vermögensnachfolge,Beschreibung,Vermögens- und Unternehmensnachfolge rechtlich strukturiert. Kanzlei Wien 3.,1
SUCHE | Stiftung+Nachfolge | AT | P2,Vermögensnachfolge,Beschreibung,"Erb-, Gesellschafts- und Stiftungsrecht in einer Hand. Anwalt seit 1990.",
SUCHE | Stiftung+Nachfolge | AT | P2,Vermögensnachfolge,Beschreibung,Wir strukturieren die Übergabe an die nächste Generation mit Ihnen.,
SUCHE | Stiftung+Nachfolge | AT | P2,Vermögensnachfolge,Beschreibung,"Kanzlei in Wien Landstraße, U3 Rochusgasse. Termin nach Vereinbarung.",
